アーティスト	アーティスト(ソート用)	曲名	最近の歌唱
(K)NoW_NAME	K NoW_NAME	Harvest	https://www.youtube.com/live/r7Bwk1jHwnc?si=YSwS6uQI_0X3Y91g&t=6080s
*Luna feat.マクネナナ	Luna feat.まくねなな	Heal Me	https://www.youtube.com/live/w8cj1TZhgIM?si=jSw7OZzFwM2n4KKP&t=1214s
[Alexandros]	Alexandros	SNOW SOUND	https://www.youtube.com/live/w3oM0fDmwz4?si=VVO-ga6uipBLMrpR&t=6550s
[Alexandros]	Alexandros	ワタリドリ	https://www.youtube.com/live/rowkHJneOgY?si=dzvDO_qNHD4fLHMQ&t=5138s
164P feat.GUMI	164P feat.GUMI	天ノ弱	https://www.youtube.com/live/OYaf_O-6WRs?si=20Zo4VVa8PxJbw_X&t=3788s
25時、ナイトコードで。×KAITO	25じ、ないとこーどで。x KAITO	化けの花	https://www.youtube.com/live/b0qPGU0sZn4?si=C5mabzVl6bhK7mp0&t=6558s
25時、ナイトコードで。×KAITO	25じ、ないとこーどで。x KAITO	化けの花(1chorus)	https://www.youtube.com/live/OEtLBen9pLM?si=M4WDMSGkkHfWLvDr&t=4372s
40mP feat.初音ミク	40mP feat.はつねみく	からくりピエロ	https://www.youtube.com/live/i7euCqiwzl4?si=Gvd-dBAI4nZ9HDpv&t=325s
40mP feat.初音ミク	40mP feat.はつねみく	トリノコシティ	https://www.youtube.com/live/w3oM0fDmwz4?si=VVO-ga6uipBLMrpR&t=3567s
40mP feat.初音ミク	40mP feat.はつねみく	純情スカート	https://www.youtube.com/live/bXG5ottJZas?si=VsjzjU8RreUrJGd3&t=4397s
40mP feat.初音ミク	40mP feat.はつねみく	恋愛裁判	https://www.youtube.com/live/EIV2fME4Fec?si=lkzDtJEJ9agzd2Md&t=4734s
40mP feat.初音ミク&GUMI	40mP feat.はつねみく&GUMI	フタリボシ	https://www.youtube.com/live/6wh0qjbo6K4?si=vntI9mYE52ZplV6U&t=4132s
Ado	Ado	うっせぇわ	https://www.youtube.com/live/Yti72SsHzxs?si=qlI2gfa0I0wWYoH4&t=2350s
Ado	Ado	ギラギラ	https://www.youtube.com/live/AHfCHGope8I?si=qrXuqYy-tTqldtt4&t=2826s
Ado	Ado	私は最強	https://www.youtube.com/live/nyXzxG79mwQ?si=kGuFyOuc0o-yNPOU&t=1867s
Ado	Ado	心という名の不可解	https://www.youtube.com/live/lrLQ6akH23w?si=aC5HLJK6UZYwu-Yn&t=4912s
Ado	Ado	新時代	https://www.youtube.com/live/nyXzxG79mwQ?si=kGuFyOuc0o-yNPOU&t=2149s
aiko	aiko	milk	https://www.youtube.com/live/BjWSIm9kSZs?si=1oMuQyZMLWArIABK&t=3679s
aiko	aiko	カブトムシ	https://www.youtube.com/live/N0Tp3auhZ54?si=TUAMJQ8TqFkAVZ1r&t=2589s
aiko	aiko	花火	https://www.youtube.com/live/6wh0qjbo6K4?si=vntI9mYE52ZplV6U&t=5498s
Aimer	Aimer	I beg you	https://www.youtube.com/live/GvGh24EJfGg?si=QLYBryRLPz4v_Qdl&t=4053s
Aimer	Aimer	Ref:rain	https://www.youtube.com/live/ac4RYGdoGfw?si=XYuojmcqpJZOLb9x&t=3258s
Aimer	Aimer	カタオモイ	https://www.youtube.com/live/nyXzxG79mwQ?si=kGuFyOuc0o-yNPOU&t=3859s
Aimer	Aimer	残響散歌	https://www.youtube.com/live/nyXzxG79mwQ?si=kGuFyOuc0o-yNPOU&t=815s
Aimer	Aimer	星が消えた夜に	https://www.youtube.com/live/BjWSIm9kSZs?si=1oMuQyZMLWArIABK&t=6488s
AKINO	AKINO	創聖のアクエリオン	https://www.youtube.com/live/nyXzxG79mwQ?si=kGuFyOuc0o-yNPOU&t=16039s
androp	androp	Yeah! Yeah! Yeah!	https://www.youtube.com/live/rowkHJneOgY?si=dzvDO_qNHD4fLHMQ&t=3395s
Aqu3ra feat.flower	Aqu3ra feat.flower	ラムネ	https://www.youtube.com/live/JAK2m4FWxF0?si=Xy-B8lpcz7dX_b5n&t=7464s
Ayase feat.初音ミク	Ayase feat.はつねみく	シニカルナイトプラン	https://www.youtube.com/live/AHfCHGope8I?si=qrXuqYy-tTqldtt4&t=4874s
Ayase feat.初音ミク	Ayase feat.はつねみく	幽霊東京	https://www.youtube.com/live/rjOy6A4c68o?si=Q07K-470tlYbzNHk&t=628s
Beatles	Beatles	Help!(1chorus)	https://www.youtube.com/live/OYaf_O-6WRs?si=20Zo4VVa8PxJbw_X&t=4520s
Beatsea feat.初音ミク	Beatsea feat.はつねみく	可惜夜	https://www.youtube.com/live/Dm-WC5w7K8Y?si=Pph-3uJ8wVrF5vc0&t=4512s
BiSH	BiSH	プロミスザスター	https://www.youtube.com/live/rowkHJneOgY?si=dzvDO_qNHD4fLHMQ&t=5470s
BUMP OF CHICKEN	BUMP OF CHICKEN	天体観測	https://www.youtube.com/live/BTi31luRntI?si=HKZA9dD6UF6pnPvq&t=10353s
CHiCO with HoneyWorks	CHiCO with HoneyWorks	カヌレ	https://www.youtube.com/live/wY3z5W9B8N0?si=FVqBjyoCdmcOKFxz&t=7072s
CHiCO with HoneyWorks	CHiCO with HoneyWorks	プライド革命	https://www.youtube.com/live/nyXzxG79mwQ?si=kGuFyOuc0o-yNPOU&t=11497s
CHiCO with HoneyWorks	CHiCO with HoneyWorks	世界は恋に落ちている	https://www.youtube.com/live/nyXzxG79mwQ?si=kGuFyOuc0o-yNPOU&t=10655s
chizono feat.FlowerR	chizono feat.FlowerR	グッバイ宣言	https://www.youtube.com/live/Yti72SsHzxs?si=qlI2gfa0I0wWYoH4&t=2111s
chizono feat.FlowerR	chizono feat.FlowerR	グッバイ宣言(1chorus)	https://www.youtube.com/live/Yti72SsHzxs?si=qlI2gfa0I0wWYoH4&t=2032s
ChouCho	ChouCho	カワルミライ	https://www.youtube.com/live/JAK2m4FWxF0?si=Xy-B8lpcz7dX_b5n&t=4556s
ChouCho	ChouCho	優しさの理由	https://www.youtube.com/live/JAK2m4FWxF0?si=Xy-B8lpcz7dX_b5n&t=4238s
ClariS	ClariS	コネクト	https://www.youtube.com/live/NkjXzUMUZpw?si=EmGBj6Hh6tIlwjGQ&t=2806s
Cö shu Nie	Cö shu Nie	asphyxia	https://www.youtube.com/live/GvGh24EJfGg?si=QLYBryRLPz4v_Qdl&t=5347s
Conton Candy	Conton Candy	ファジーネーブル	https://www.youtube.com/live/nyXzxG79mwQ?si=kGuFyOuc0o-yNPOU&t=5056s
cosMo(暴走P) feat.初音ミク	cosMo(ぼうそうP) feat.はつねみく	初音ミクの消失 -DEAD END-	https://www.youtube.com/live/AHfCHGope8I?si=qrXuqYy-tTqldtt4&t=4039s
Creepy Nuts	Creepy Nuts	Bling-Bang-Bang-Born	https://www.youtube.com/live/nyXzxG79mwQ?si=kGuFyOuc0o-yNPOU&t=12983s
DAOKO×米津玄師	DAOKO×よねづけんし	打上花火	https://www.youtube.com/live/nyXzxG79mwQ?si=kGuFyOuc0o-yNPOU&t=3227s
DECO*27 feat.GUMI	DECO27 feat.GUMI	弱虫モンブラン	https://www.youtube.com/live/gtzKshYmOXY?si=1Gz8lwbOe32zbbqo&t=3785s
DECO*27 feat.初音ミク	DECO27 feat.はつねみく	ゴーストルール	https://www.youtube.com/live/EIV2fME4Fec?si=lkzDtJEJ9agzd2Md&t=5460s
DECO*27 feat.初音ミク	DECO27 feat.はつねみく	ストリーミングハート	https://www.youtube.com/live/E8l1nOoKLLI?si=9GMtlAOzsgHxbniX&t=604s
DECO*27 feat.初音ミク	DECO27 feat.はつねみく	ライアーダンス	https://www.youtube.com/live/AHfCHGope8I?si=qrXuqYy-tTqldtt4&t=676s
DECO*27 feat.初音ミク	DECO27 feat.はつねみく	リバーシブル・キャンペーン	https://www.youtube.com/live/AHfCHGope8I?si=qrXuqYy-tTqldtt4&t=343s
DECO*27 feat.初音ミク	DECO27 feat.はつねみく	妄想感傷代償連盟	https://www.youtube.com/live/Cs48limSzrE?si=n8CFockH4OVXGSvE&t=265s
Dixie Flatline feat.巡音ルカ	Dixie Flatline feat.めぐりねるか	Just Be Friends	https://www.youtube.com/live/Cs48limSzrE?si=n8CFockH4OVXGSvE&t=1645s
DREAMS COME TRUE	DREAMS COME TRUE	何度でも	https://www.youtube.com/live/DX8misWhJuA?si=x9BqkZPlvHen5SCl&t=5654s
EGOIST	EGOIST	All Alone With You	https://www.youtube.com/live/GvGh24EJfGg?si=QLYBryRLPz4v_Qdl&t=1808s
EGOIST	EGOIST	Departures 〜あなたにおくるアイの歌〜	https://www.youtube.com/live/w3oM0fDmwz4?si=VVO-ga6uipBLMrpR&t=7781s
EGOIST	EGOIST	Fallen	https://www.youtube.com/live/FuJDk5I3Oyo?si=KP6eEuJrPYERUqMb&t=2557s
EGOIST	EGOIST	Ghost of a smile	https://www.youtube.com/live/Et9I5uqKaRQ?si=4uq-2UkGh47LMNTa&t=1702s
EGOIST	EGOIST	LoveStruck	https://www.youtube.com/live/FuJDk5I3Oyo?si=KP6eEuJrPYERUqMb&t=4618s
EGOIST	EGOIST	Planetes	https://www.youtube.com/live/7AO0pzyJtLE?si=5iKHGNjfGH8OxSY8&t=5704s
EGOIST	EGOIST	The Everlasting Guilty Crown	https://www.youtube.com/live/FuJDk5I3Oyo?si=KP6eEuJrPYERUqMb&t=1134s
EGOIST	EGOIST	リローデッド	https://www.youtube.com/live/GvGh24EJfGg?si=QLYBryRLPz4v_Qdl&t=2238s
EGOIST	EGOIST	雨、キミを連れて	https://www.youtube.com/live/Et9I5uqKaRQ?si=4uq-2UkGh47LMNTa&t=2170s
EGOIST	EGOIST	名前のない怪物	https://www.youtube.com/live/FuJDk5I3Oyo?si=KP6eEuJrPYERUqMb&t=2110s
Eve feat.初音ミク	Eve feat.はつねみく	お気に召すまま	https://www.youtube.com/live/lQQh4G5up3Y?si=U2BJIBIs-2OZdL6R&t=2210s
Eve feat.初音ミク	Eve feat.はつねみく	ナンセンス文学	https://www.youtube.com/live/Us_EP0LuOUI?si=QKfLbi9NsZLi9sIi&t=1614s
fhána	fhána	青空のラプソディ	https://www.youtube.com/live/GvGh24EJfGg?si=QLYBryRLPz4v_Qdl&t=6054s
Flumpool	Flumpool	君に届け	https://www.youtube.com/live/Yti72SsHzxs?si=qlI2gfa0I0wWYoH4&t=5386s
fripSide	fripSide	only my railgun	https://www.youtube.com/live/Yti72SsHzxs?si=qlI2gfa0I0wWYoH4&t=1340s
Galileo Galilei	Galileo Galilei	青い栞	https://www.youtube.com/live/7AO0pzyJtLE?si=5iKHGNjfGH8OxSY8&t=3611s
Galileo Galilei	Galileo Galilei	恋の寿命	https://www.youtube.com/live/BjWSIm9kSZs?si=1oMuQyZMLWArIABK&t=1686s
Girls Dead Monster	Girls Dead Monster	一番の宝物	https://www.youtube.com/live/8yfLYQayxQg?si=O0Q0AXQXC39nd7WJ&t=290s
GRe4N BOYZ(GReeeeN)	GRe4N BOYZ(GReeeeN)	キセキ	https://www.youtube.com/live/OEtLBen9pLM?si=M4WDMSGkkHfWLvDr&t=6100s
Guiano	Guiano	ネハン	https://www.youtube.com/live/b0qPGU0sZn4?si=C5mabzVl6bhK7mp0&t=4500s
Guiano	Guiano	晴れるなら	https://www.youtube.com/live/b0qPGU0sZn4?si=C5mabzVl6bhK7mp0&t=3944s
Guiano feat.flower	Guiano feat.flower	死んでしまったのだろうか	https://www.youtube.com/live/i7euCqiwzl4?si=Gvd-dBAI4nZ9HDpv&t=2031s
Guiano feat.可不	Guiano feat.かふ	鳥	https://www.youtube.com/live/i7euCqiwzl4?si=Gvd-dBAI4nZ9HDpv&t=2389s
GUMI feat.kanaria	GUMI feat.kanaria	KING	https://www.youtube.com/live/nyXzxG79mwQ?si=kGuFyOuc0o-yNPOU&t=13209s
halyosy feat.鏡音レン	halyosy feat.かがみねれん	Fire◎Flower	https://www.youtube.com/live/Dm-WC5w7K8Y?si=Pph-3uJ8wVrF5vc0&t=1969s
Honey Works feat.初音ミク	Honey Works feat.はつねみく	┗|∵|┓金曜日のおはよう-another story-	https://www.youtube.com/live/PDfzdlcsxB4?si=NS72teYqyxrgmxUE&t=1455s
HoneyWorks	HoneyWorks	金曜日のおはよう	https://www.youtube.com/live/wY3z5W9B8N0?si=FVqBjyoCdmcOKFxz&t=6075s
HoneyWorks	HoneyWorks	東京サマーセッション	https://www.youtube.com/live/wY3z5W9B8N0?si=FVqBjyoCdmcOKFxz&t=6534s
HoneyWorks feat.LIP×LIP(CV:内山昂輝&島﨑信長)	HoneyWorks feat.LIP×LIP(CV:うちやまこうき&しまざきのぶなが)	┗|∵|┓ロメオ	https://www.youtube.com/live/NkjXzUMUZpw?si=EmGBj6Hh6tIlwjGQ&t=415s
Hump Back	Hump Back	拝啓、少年よ	https://www.youtube.com/live/7AO0pzyJtLE?si=5iKHGNjfGH8OxSY8&t=5173s
HY	HY	366日	https://www.youtube.com/live/Yti72SsHzxs?si=qlI2gfa0I0wWYoH4&t=5879s
JITTERIN'JINN	JITTERIN'JINN	夏祭り	https://www.youtube.com/live/BTi31luRntI?si=HKZA9dD6UF6pnPvq&t=8919s
kanaria.GUMI	kanaria.GUMI	酔いどれ知らず	https://www.youtube.com/live/nyXzxG79mwQ?si=kGuFyOuc0o-yNPOU&t=4500s
KEI feat.巡音ルカ	KEI feat.めぐりねるか	Hello, Worker	https://www.youtube.com/live/bXG5ottJZas?si=VsjzjU8RreUrJGd3&t=4034s
Kemu feat.Gumi	Kemu feat.Gumi	地球最後の告白を	https://www.youtube.com/live/nyXzxG79mwQ?si=kGuFyOuc0o-yNPOU&t=8387s
kemu feat.GUMI&鏡音リン	kemu feat.GUMI&かがみねりん	インビジブル	https://www.youtube.com/live/EIV2fME4Fec?si=lkzDtJEJ9agzd2Md&t=2410s
kemu feat.IA	kemu feat.IA	六兆年と一夜物語	https://www.youtube.com/live/EIV2fME4Fec?si=lkzDtJEJ9agzd2Md&t=2689s
King Gnu	King Gnu	白日	https://www.youtube.com/live/w3oM0fDmwz4?si=VVO-ga6uipBLMrpR&t=5048s
koyori(電ポルP) feat.初音ミク	koyori(でんぽるP) feat.はつねみく	独りんぼエンヴィー	https://www.youtube.com/live/w3oM0fDmwz4?si=VVO-ga6uipBLMrpR&t=3917s
Last Note. feat.GUMI	Last Note. feat.GUMI	セツナトリップ	https://www.youtube.com/live/bXG5ottJZas?si=VsjzjU8RreUrJGd3&t=5630s
Lia	Lia	My Soul Your Beats!	https://www.youtube.com/live/8yfLYQayxQg?si=O0Q0AXQXC39nd7WJ&t=715s
LiSA	LiSA	Catch the Moment	https://www.youtube.com/live/nyXzxG79mwQ?si=kGuFyOuc0o-yNPOU&t=11867s
LiSA	LiSA	crossing field	https://www.youtube.com/live/wY3z5W9B8N0?si=FVqBjyoCdmcOKFxz&t=1200s
LiSA	LiSA	Rising Hope	https://www.youtube.com/live/nyXzxG79mwQ?si=kGuFyOuc0o-yNPOU&t=7946s
LiSA	LiSA	träumerei	https://www.youtube.com/live/wY3z5W9B8N0?si=FVqBjyoCdmcOKFxz&t=29760s
LiSA	LiSA	unlasting	https://www.youtube.com/live/GvGh24EJfGg?si=QLYBryRLPz4v_Qdl&t=5670s
LiSA	LiSA	シルシ	https://www.youtube.com/live/Z1v3sT_d6uU?si=epz4SGbUtnFLtw2-&t=6332s
LiSA	LiSA	炎	https://www.youtube.com/live/NkjXzUMUZpw?si=EmGBj6Hh6tIlwjGQ&t=3261s
LiSA	LiSA	紅蓮華	https://www.youtube.com/live/nyXzxG79mwQ?si=kGuFyOuc0o-yNPOU&t=2434s
lslet feat.倚水	lslet feat.いすい	可惜夜	https://www.youtube.com/live/b0qPGU0sZn4?si=C5mabzVl6bhK7mp0&t=5650s
lslet feat.倚水	lslet feat.いすい	春を待つ	https://www.youtube.com/live/b0qPGU0sZn4?si=C5mabzVl6bhK7mp0&t=3518s
lslet feat.倚水	lslet feat.いすい	白日夢	https://www.youtube.com/live/b0qPGU0sZn4?si=C5mabzVl6bhK7mp0&t=6187s
M.S.J	MSJ	ハッピー・ジャムジャム	https://www.youtube.com/live/cHLqE4AOOjI?si=heDnYTUAoUpLyQ_J&t=873s
MAISONdes	MAISONdes	トウキョウ・シャンディ・ランデヴ	https://www.youtube.com/live/lrLQ6akH23w?si=aC5HLJK6UZYwu-Yn&t=704s
Mitchie M feat.初音ミク	Mitchie M feat.はつねみく	ビバハピ	https://www.youtube.com/live/E8l1nOoKLLI?si=9GMtlAOzsgHxbniX&t=4998s
miwa	miwa	ヒカリヘ	https://www.youtube.com/live/BjWSIm9kSZs?si=1oMuQyZMLWArIABK&t=2513s
Mr.Children	Mr.Children	HANABI	https://www.youtube.com/live/Yti72SsHzxs?si=qlI2gfa0I0wWYoH4&t=7067s
Mr.Children	Mr.Children	Tomorrow never knows	https://www.youtube.com/live/Yti72SsHzxs?si=qlI2gfa0I0wWYoH4&t=7637s
Mrs. GREEN APPLE	Mrs. GREEN APPLE	ライラック	https://www.youtube.com/live/nyXzxG79mwQ?si=kGuFyOuc0o-yNPOU&t=4123s
Mrs. GREEN APPLE	Mrs. GREEN APPLE	青と夏	https://www.youtube.com/live/cHLqE4AOOjI?si=heDnYTUAoUpLyQ_J&t=430s
Mrs. GREEN APPLE feat.井上苑子	Mrs. GREEN APPLE feat.いのうえそのこ	点描の唄	https://www.youtube.com/live/w8cj1TZhgIM?si=jSw7OZzFwM2n4KKP&t=2251s
Neru feat.鏡音リン	Neru feat.かがみねりん	ロストワンの号哭	https://www.youtube.com/live/E8l1nOoKLLI?si=9GMtlAOzsgHxbniX&t=876s
Neru feat.鏡音レン	Neru feat.かがみねれん	脱法ロック	https://www.youtube.com/live/EIV2fME4Fec?si=lkzDtJEJ9agzd2Md&t=6942s
nobodyknows+	nobodyknows+	ココロオドル	https://www.youtube.com/live/nyXzxG79mwQ?si=kGuFyOuc0o-yNPOU&t=13769s
Official髭男dism	Officialひげだんでぃずむ	Pretender	https://www.youtube.com/live/nyXzxG79mwQ?si=kGuFyOuc0o-yNPOU&t=6124s
Official髭男dism	Officialひげだんでぃずむ	ノーダウト	https://www.youtube.com/live/nyXzxG79mwQ?si=kGuFyOuc0o-yNPOU&t=12312s
ONE OK ROCK	ONE OK ROCK	The Beginning	https://www.youtube.com/live/E8l1nOoKLLI?si=9GMtlAOzsgHxbniX&t=1626s
ONE OK ROCK	ONE OK ROCK	完全感覚Dreamer	https://www.youtube.com/live/Yti72SsHzxs?si=qlI2gfa0I0wWYoH4&t=2655s
Orangestar feat.IA	Orangestar feat.IA	Alice in 冷凍庫	https://www.youtube.com/live/Dm-WC5w7K8Y?si=Pph-3uJ8wVrF5vc0&t=5406s
Orangestar feat.IA	Orangestar feat.IA	DAYBREAK FRONTLINE	https://www.youtube.com/live/rjOy6A4c68o?si=Q07K-470tlYbzNHk&t=10052s
Orangestar feat.IA	Orangestar feat.IA	Henceforth	https://www.youtube.com/live/rjOy6A4c68o?si=Q07K-470tlYbzNHk&t=9460s
Orangestar feat.IA	Orangestar feat.IA	イヤホンと蝉時雨	https://www.youtube.com/live/rjOy6A4c68o?si=Q07K-470tlYbzNHk&t=7530s
Orangestar feat.IA	Orangestar feat.IA	ノクティルーカ	https://www.youtube.com/live/r7Bwk1jHwnc?si=YSwS6uQI_0X3Y91g&t=3657s
Orangestar feat.IA	Orangestar feat.IA	雨き声残響	https://www.youtube.com/live/BIOCmyo4mQU?si=mUE7u0kM5d94T-4A&t=3727s
Orangestar feat.IA	Orangestar feat.IA	快晴	https://www.youtube.com/live/cHLqE4AOOjI?si=heDnYTUAoUpLyQ_J&t=3832s
Orangestar feat.IA＆初音ミク	Orangestar feat.IA＆はつねみく	surges	https://www.youtube.com/live/wEZHgaS4eCg?si=_Rpt2MlexrsFC7dZ&t=4450s
Orangestar feat.初音ミク	Orangestar feat.はつねみく	アスノヨゾラ哨戒班	https://www.youtube.com/live/Yti72SsHzxs?si=qlI2gfa0I0wWYoH4&t=702s
Orangestar feat.初音ミク	Orangestar feat.はつねみく	回る空うさぎ	https://www.youtube.com/live/r7Bwk1jHwnc?si=YSwS6uQI_0X3Y91g&t=4113s
Orangestar feat.初音ミク	Orangestar feat.はつねみく	快晴	https://www.youtube.com/live/BIOCmyo4mQU?si=mUE7u0kM5d94T-4A&t=2887s
Orangestar feat.初音ミク	Orangestar feat.はつねみく	残灯花火	https://www.youtube.com/live/Us_EP0LuOUI?si=QKfLbi9NsZLi9sIi&t=1983s
Orangestar feat.初音ミク	Orangestar feat.はつねみく	霽れを待つ	https://www.youtube.com/live/i7euCqiwzl4?si=Gvd-dBAI4nZ9HDpv&t=1633s
Orangestar feat.初音ミク&IA	Orangestar feat.はつねみく&IA	空奏列車	https://www.youtube.com/live/E8l1nOoKLLI?si=9GMtlAOzsgHxbniX&t=5666s
Peabo Bryson&Regina Belle	Peabo Bryson&Regina Belle	A Whole New World	https://www.youtube.com/live/nyXzxG79mwQ?si=kGuFyOuc0o-yNPOU&t=14169s
Perfume	Perfume	チョコレイト・ディスコ	https://www.youtube.com/live/nyXzxG79mwQ?si=kGuFyOuc0o-yNPOU&t=6864s
phatmans after school	phatmans after school	ツキヨミ	https://www.youtube.com/live/rjOy6A4c68o?si=Q07K-470tlYbzNHk&t=1484s
P丸様。	Pまるさま。	シル・ヴ・プレジデント	https://www.youtube.com/live/nyXzxG79mwQ?si=kGuFyOuc0o-yNPOU&t=7552s
R Sound Design feat.可不	R Sound Design feat.かふ	レトロポリス	https://www.youtube.com/live/i7euCqiwzl4?si=Gvd-dBAI4nZ9HDpv&t=2666s
R Sound Design feat.初音ミク	R Sound Design feat.はつねみく	flos	https://www.youtube.com/live/Cs48limSzrE?si=n8CFockH4OVXGSvE&t=1212s
R Sound Design feat.初音ミク	R Sound Design feat.はつねみく	帝国少女	https://www.youtube.com/live/Cs48limSzrE?si=n8CFockH4OVXGSvE&t=772s
RADWIMPS	RADWIMPS	スパークル	https://www.youtube.com/live/nyXzxG79mwQ?si=kGuFyOuc0o-yNPOU&t=16754s
RADWIMPS	RADWIMPS	なんでもないや	https://www.youtube.com/live/6wh0qjbo6K4?si=vntI9mYE52ZplV6U&t=4979s
RADWIMPS	RADWIMPS	前前前世	https://www.youtube.com/live/rowkHJneOgY?si=dzvDO_qNHD4fLHMQ&t=7091s
RADWIMPS	RADWIMPS	夢灯篭	https://www.youtube.com/live/b0qPGU0sZn4?si=C5mabzVl6bhK7mp0&t=1189s
Ray	Ray	ebb and flow	https://www.youtube.com/live/Dm-WC5w7K8Y?si=Pph-3uJ8wVrF5vc0&t=6610s
ReoNa	ReoNa	ANIMA	https://www.youtube.com/live/nyXzxG79mwQ?si=kGuFyOuc0o-yNPOU&t=10330s
ryo feat.chelly	ryo feat.chelly	Great distance	https://www.youtube.com/live/FuJDk5I3Oyo?si=KP6eEuJrPYERUqMb&t=3519s
ryo feat.初音ミク	ryo feat.はつねみく	ワールドイズマイン	https://www.youtube.com/live/EIV2fME4Fec?si=lkzDtJEJ9agzd2Md&t=6401s
ryo(supercell) feat.初音ミク	ryo(supercell) feat.はつねみく	メルト	https://www.youtube.com/live/nyXzxG79mwQ?si=kGuFyOuc0o-yNPOU&t=5717s
Saucy Dog	Saucy Dog	シンデレラボーイ	https://www.youtube.com/live/BjWSIm9kSZs?si=1oMuQyZMLWArIABK&t=847s
SMAP	SMAP	世界に一つだけの花	https://www.youtube.com/live/DX8misWhJuA?si=x9BqkZPlvHen5SCl&t=5247s
SPYAIR	SPYAIR	サムライハート(Some Like It Hot!!)	https://www.youtube.com/live/cHLqE4AOOjI?si=heDnYTUAoUpLyQ_J&t=1484s
supercell	supercell	Love&Roll	https://www.youtube.com/live/FuJDk5I3Oyo?si=KP6eEuJrPYERUqMb&t=3080s
supercell	supercell	My Dearest	https://www.youtube.com/live/rjOy6A4c68o?si=Q07K-470tlYbzNHk&t=3630s
supercell	supercell	Perfect Day	https://www.youtube.com/live/Et9I5uqKaRQ?si=4uq-2UkGh47LMNTa&t=793s
supercell	supercell	The Bravery	https://www.youtube.com/live/FuJDk5I3Oyo?si=KP6eEuJrPYERUqMb&t=6386s
supercell	supercell	The Bravery(1chorus)	https://www.youtube.com/live/8yfLYQayxQg?si=O0Q0AXQXC39nd7WJ&t=6257s
supercell	supercell	うたかた花火	https://www.youtube.com/live/r7Bwk1jHwnc?si=YSwS6uQI_0X3Y91g&t=1134s
supercell	supercell	さよならメモリーズ	https://www.youtube.com/live/FuJDk5I3Oyo?si=KP6eEuJrPYERUqMb&t=5165s
supercell	supercell	ヒーロー	https://www.youtube.com/live/Us_EP0LuOUI?si=QKfLbi9NsZLi9sIi&t=5449s
supercell	supercell	ヒーロー(1chorus)	https://www.youtube.com/live/8yfLYQayxQg?si=O0Q0AXQXC39nd7WJ&t=6036s
supercell	supercell	リルモア	https://www.youtube.com/live/r7Bwk1jHwnc?si=YSwS6uQI_0X3Y91g&t=2831s
supercell	supercell	銀色飛行船	https://www.youtube.com/live/r7Bwk1jHwnc?si=YSwS6uQI_0X3Y91g&t=2367s
supercell	supercell	君の知らない物語	https://www.youtube.com/live/r7Bwk1jHwnc?si=YSwS6uQI_0X3Y91g&t=1861s
supercell	supercell	星が瞬くこんな夜に	https://www.youtube.com/live/nyXzxG79mwQ?si=kGuFyOuc0o-yNPOU&t=11118s
Superfly	Superfly	愛をこめて花束を	https://www.youtube.com/live/DX8misWhJuA?si=x9BqkZPlvHen5SCl&t=6075s
THE ORAL CIGARETTES	THE ORAL CIGARETTES	狂乱 Hey Kids!!	https://www.youtube.com/live/rowkHJneOgY?si=dzvDO_qNHD4fLHMQ&t=6740s
the peggies	the peggies	君のせい	https://www.youtube.com/live/bXG5ottJZas?si=VsjzjU8RreUrJGd3&t=1600s
TK from 凛	TK from りんとしてしぐれ	unravel	https://www.youtube.com/live/rjOy6A4c68o?si=Q07K-470tlYbzNHk&t=8114s
TOKOTOKO feat.GUMI	TOKOTOKO feat.GUMI	夜もすがら君想ふ	https://www.youtube.com/live/nyXzxG79mwQ?si=kGuFyOuc0o-yNPOU&t=288s
TRUSTRICK	TRUSTRICK	innocent promise	https://www.youtube.com/live/JAK2m4FWxF0?si=Xy-B8lpcz7dX_b5n&t=4990s
tuki.	tuki.	晩餐歌	https://www.youtube.com/live/T2z_BAhLZz0?si=FZhoxASjxucX4Rxr&t=272s
UNISON SQUARE GARDEN	UNISON SQUARE GARDEN	シュガーソングとビターステップ	https://www.youtube.com/live/nyXzxG79mwQ?si=kGuFyOuc0o-yNPOU&t=15053s
Vaundy	Vaundy	napori	https://www.youtube.com/live/7AO0pzyJtLE?si=5iKHGNjfGH8OxSY8&t=394s
Vaundy	Vaundy	花占い	https://www.youtube.com/live/w3oM0fDmwz4?si=VVO-ga6uipBLMrpR&t=1220s
Vaundy	Vaundy	怪獣の花唄	https://www.youtube.com/live/NkjXzUMUZpw?si=EmGBj6Hh6tIlwjGQ&t=4131s
Vaundy	Vaundy	置き手紙	https://www.youtube.com/live/BjWSIm9kSZs?si=1oMuQyZMLWArIABK&t=1290s
Vaundy	Vaundy	東京フラッシュ	https://www.youtube.com/live/BjWSIm9kSZs?si=1oMuQyZMLWArIABK&t=2117s
Vaundy	Vaundy	灯火	https://www.youtube.com/live/BTi31luRntI?si=HKZA9dD6UF6pnPvq&t=6026s
Vaundy	Vaundy	不可幸力	https://www.youtube.com/live/nyXzxG79mwQ?si=kGuFyOuc0o-yNPOU&t=6589s
Vaundy	Vaundy	踊り子	https://www.youtube.com/live/w3oM0fDmwz4?si=VVO-ga6uipBLMrpR&t=851s
Vaundy	Vaundy	恋風邪に乗せて	https://www.youtube.com/live/7AO0pzyJtLE?si=5iKHGNjfGH8OxSY8&t=1584s
yama	yama	春を告げる	https://www.youtube.com/live/nyXzxG79mwQ?si=kGuFyOuc0o-yNPOU&t=8729s
YOASOBI	YOASOBI	アイドル	https://www.youtube.com/live/nyXzxG79mwQ?si=kGuFyOuc0o-yNPOU&t=2966s
YOASOBI	YOASOBI	あの夢をなぞって	https://www.youtube.com/live/OEtLBen9pLM?si=M4WDMSGkkHfWLvDr&t=1859s
YOASOBI	YOASOBI	ハルジオン	https://www.youtube.com/live/OYaf_O-6WRs?si=20Zo4VVa8PxJbw_X&t=1918s
YOASOBI	YOASOBI	群青	https://www.youtube.com/live/lQQh4G5up3Y?si=U2BJIBIs-2OZdL6R&t=2686s
YOASOBI	YOASOBI	夜に駆ける	https://www.youtube.com/live/nyXzxG79mwQ?si=kGuFyOuc0o-yNPOU&t=15713s
YOASOBI	YOASOBI	優しい彗星	https://www.youtube.com/live/OYaf_O-6WRs?si=20Zo4VVa8PxJbw_X&t=2258s
YUI	YUI	again	https://www.youtube.com/live/8eShd7lbOHQ?si=tMBt33Wr9js5gLMn&t=2457s
YUI	YUI	CHE.R.RY	https://www.youtube.com/live/8eShd7lbOHQ?si=tMBt33Wr9js5gLMn&t=1070s
YUI	YUI	GLORIA	https://www.youtube.com/live/8eShd7lbOHQ?si=tMBt33Wr9js5gLMn&t=4033s
YUI	YUI	HELLO〜Paradise Kiss〜	https://www.youtube.com/live/8eShd7lbOHQ?si=tMBt33Wr9js5gLMn&t=1974s
YUI	YUI	How Crazy	https://www.youtube.com/live/8eShd7lbOHQ?si=tMBt33Wr9js5gLMn&t=2957s
YUI	YUI	Laugh away	https://www.youtube.com/live/8eShd7lbOHQ?si=tMBt33Wr9js5gLMn&t=1468s
YUI	YUI	Rolling star	https://www.youtube.com/live/8eShd7lbOHQ?si=tMBt33Wr9js5gLMn&t=3552s
YUI	YUI	SUMMER SONG	https://www.youtube.com/live/nyXzxG79mwQ?si=kGuFyOuc0o-yNPOU&t=2702s
YUI for 雨音薫	YUI for あまねかおる	Good-bye days	https://www.youtube.com/live/8eShd7lbOHQ?si=tMBt33Wr9js5gLMn&t=4486s
ZAQ	ZAQ	カーストルーム	https://www.youtube.com/live/JAK2m4FWxF0?si=Xy-B8lpcz7dX_b5n&t=5909s
μ‘s(ラブライブ!)	μ‘s(らぶらいぶ!)	Snow halation	https://www.youtube.com/live/GvGh24EJfGg?si=QLYBryRLPz4v_Qdl&t=7988s
あいみょん	あいみょん	ハルノヒ	https://www.youtube.com/live/Z1v3sT_d6uU?si=epz4SGbUtnFLtw2-&t=300s
あいみょん	あいみょん	マリーゴールド	https://www.youtube.com/live/lQQh4G5up3Y?si=U2BJIBIs-2OZdL6R&t=1674s
あいみょん	あいみょん	今夜このまま	https://www.youtube.com/live/rowkHJneOgY?si=dzvDO_qNHD4fLHMQ&t=3087s
あきよしふみえ	あきよしふみえ	Together	https://www.youtube.com/live/Yti72SsHzxs?si=qlI2gfa0I0wWYoH4&t=1728s
いきものがかり	いきものがかり	じょいふる	https://www.youtube.com/live/DX8misWhJuA?si=x9BqkZPlvHen5SCl&t=1636s
いきものがかり	いきものがかり	ブルーバード	https://www.youtube.com/live/DX8misWhJuA?si=x9BqkZPlvHen5SCl&t=1895s
いきものがかり	いきものがかり	気まぐれロマンティック	https://www.youtube.com/live/nyXzxG79mwQ?si=kGuFyOuc0o-yNPOU&t=5372s
いよわ feat.可不	いよわ feat.かふ	きゅうくらりん	https://www.youtube.com/live/i7euCqiwzl4?si=Gvd-dBAI4nZ9HDpv&t=4050s
エミリア(高橋李依)	えみりあ(たかはしりえ)	Stay Alive	https://www.youtube.com/live/wY3z5W9B8N0?si=FVqBjyoCdmcOKFxz&t=4314s
キタニタツヤ	きたにたつや	青のすみか	https://www.youtube.com/live/UhIJMxJCcSo?si=d4Gic-mx0PwrsxJ-&t=4594s
きのこ帝国	きのこていこく	金木犀の夜	https://www.youtube.com/live/w3oM0fDmwz4?si=VVO-ga6uipBLMrpR&t=6970s
きのこ帝国	きのこていこく	東京	https://www.youtube.com/live/7AO0pzyJtLE?si=5iKHGNjfGH8OxSY8&t=3166s
クリープハイプ	くりーぷはいぷ	おやすみ、泣き声 さよなら歌姫	https://www.youtube.com/live/Cs48limSzrE?si=n8CFockH4OVXGSvE&t=4957s
クリープハイプ	くりーぷはいぷ	社会の窓	https://www.youtube.com/live/cHLqE4AOOjI?si=heDnYTUAoUpLyQ_J&t=3182s
クリープハイプ	くりーぷはいぷ	憂、燦々	https://www.youtube.com/live/7AO0pzyJtLE?si=5iKHGNjfGH8OxSY8&t=4154s
クリープハイプ	くりーぷはいぷ	栞	https://www.youtube.com/live/Yti72SsHzxs?si=qlI2gfa0I0wWYoH4&t=347s
コブクロ	こぶくろ	蕾	https://www.youtube.com/live/DX8misWhJuA?si=x9BqkZPlvHen5SCl&t=4812s
こんにちは谷田さん(キタニタツヤ) feat.初音ミク	こんにちはたにたさん(きたにたつや) feat.はつねみく	記憶の水槽	https://www.youtube.com/live/UhIJMxJCcSo?si=d4Gic-mx0PwrsxJ-&t=4142s
サカナクション	さかなくしょん	ミュージック	https://www.youtube.com/live/Cs48limSzrE?si=n8CFockH4OVXGSvE&t=5540s
サカナクション	さかなくしょん	新宝島	https://www.youtube.com/live/rowkHJneOgY?si=dzvDO_qNHD4fLHMQ&t=6156s
ささくれ。P feat.初音ミク	ささくれ。P feat.はつねみく	ハロー、プラネット。	https://www.youtube.com/live/EIV2fME4Fec?si=lkzDtJEJ9agzd2Md&t=7800s
さユり	さゆり	フラレガイガール	https://www.youtube.com/live/wEZHgaS4eCg?si=_Rpt2MlexrsFC7dZ&t=807s
さユり	さゆり	ミカヅキ	https://www.youtube.com/live/BTi31luRntI?si=HKZA9dD6UF6pnPvq&t=2880s
さユり	さゆり	花の塔	https://www.youtube.com/live/8yfLYQayxQg?si=O0Q0AXQXC39nd7WJ&t=8628s
さユり	さゆり	平行線	https://www.youtube.com/live/BTi31luRntI?si=HKZA9dD6UF6pnPvq&t=3349s
じーざすP（WONDERFUL★OPPORTUNITY!） feat.鏡音リン&鏡音レン	じーざすP（WONDERFUL★OPPORTUNITY!） feat.かがみねりん&かがみねれん	しんでしまうとはなさけない!	https://www.youtube.com/live/bXG5ottJZas?si=VsjzjU8RreUrJGd3&t=3241s
シェリル・ノーム starring May'n	しぇりる・のーむ starring May'n	ダイアモンドクレバス	https://www.youtube.com/live/GvGh24EJfGg?si=QLYBryRLPz4v_Qdl&t=10341s
シェリル・ノーム starring May'n	しぇりる・のーむ starring May'n	ノーザンクロス	https://www.youtube.com/live/JAK2m4FWxF0?si=Xy-B8lpcz7dX_b5n&t=2012s
シェリル・ノーム starring May'n	しぇりる・のーむ starring May'n	射手座☆午後九時Don't be late	https://www.youtube.com/live/JAK2m4FWxF0?si=Xy-B8lpcz7dX_b5n&t=1113s
シェリル・ノーム starring May'n&ランカ・リー(CV.中島愛)	しぇりる・のーむ starring May'n&らんか・りー(CV.なかじまめぐみ)	ライオン	https://www.youtube.com/live/NkjXzUMUZpw?si=EmGBj6Hh6tIlwjGQ&t=892s
シナリオアート	しなりおあーと	ナナヒツジ	https://www.youtube.com/live/cHLqE4AOOjI?si=heDnYTUAoUpLyQ_J&t=2432s
ジミーサムP feat.巡音ルカ	じみーさむP feat.めぐりねるか	No Logic	https://www.youtube.com/live/bXG5ottJZas?si=VsjzjU8RreUrJGd3&t=3639s
ジミーサムP feat.初音ミク	じみーさむP feat.はつねみく	Calc.	https://www.youtube.com/live/i7euCqiwzl4?si=Gvd-dBAI4nZ9HDpv&t=3632s
ジミーサムP feat.初音ミク＆巡音ルカ(コーラス)	じみーさむP feat.はつねみく＆めぐりねるか(こーらす)	from Y to Y	https://www.youtube.com/live/BjWSIm9kSZs?si=1oMuQyZMLWArIABK&t=5437s
じん feat.IA	じん feat.IA	オツキミリサイタル	https://www.youtube.com/live/i7euCqiwzl4?si=Gvd-dBAI4nZ9HDpv&t=780s
じん(自然の敵P) feat.IA	じん(しぜんのてきP) feat.IA	アウターサイエンス	https://www.youtube.com/live/Dm-WC5w7K8Y?si=Pph-3uJ8wVrF5vc0&t=3257s
じん(自然の敵P) feat.IA	じん(しぜんのてきP) feat.IA	サマータイムレコード	https://www.youtube.com/live/E8l1nOoKLLI?si=9GMtlAOzsgHxbniX&t=6981s
じん(自然の敵P) feat.IA	じん(しぜんのてきP) feat.IA	チルドレンレコード	https://www.youtube.com/live/EIV2fME4Fec?si=lkzDtJEJ9agzd2Md&t=1047s
じん(自然の敵P) feat.IA	じん(しぜんのてきP) feat.IA	ロスタイムメモリー	https://www.youtube.com/live/EIV2fME4Fec?si=lkzDtJEJ9agzd2Md&t=1297s
じん(自然の敵P) feat.IA	じん(しぜんのてきP) feat.IA	ワールド・コーリング	https://www.youtube.com/live/AHfCHGope8I?si=qrXuqYy-tTqldtt4&t=3309s
じん(自然の敵P) feat.IA	じん(しぜんのてきP) feat.IA	空想フォレスト	https://www.youtube.com/live/E8l1nOoKLLI?si=9GMtlAOzsgHxbniX&t=6686s
じん(自然の敵P) feat.IA	じん(しぜんのてきP) feat.IA	少年ブレイヴ	https://www.youtube.com/live/8yfLYQayxQg?si=O0Q0AXQXC39nd7WJ&t=6523s
じん(自然の敵P) feat.IA	じん(しぜんのてきP) feat.IA	想像フォレスト	https://www.youtube.com/live/w3oM0fDmwz4?si=VVO-ga6uipBLMrpR&t=2126s
じん(自然の敵P) feat.IA	じん(しぜんのてきP) feat.IA	透明アンサー	https://www.youtube.com/live/i7euCqiwzl4?si=Gvd-dBAI4nZ9HDpv&t=1145s
じん(自然の敵P) feat.IA	じん(しぜんのてきP) feat.IA	夜咄ディセイブ	https://www.youtube.com/live/AHfCHGope8I?si=qrXuqYy-tTqldtt4&t=3734s
じん(自然の敵P) feat.メイリア	じん(しぜんのてきP) feat.めいりあ	daze	https://www.youtube.com/live/GvGh24EJfGg?si=QLYBryRLPz4v_Qdl&t=6966s
じん(自然の敵P) feat.初音ミク	じん(しぜんのてきP) feat.はつねみく	カゲロウデイズ	https://www.youtube.com/live/Dm-WC5w7K8Y?si=Pph-3uJ8wVrF5vc0&t=2835s
じん(自然の敵P) feat.初音ミク	じん(しぜんのてきP) feat.はつねみく	カゲロウデイズ(1chorus)	https://www.youtube.com/live/8yfLYQayxQg?si=O0Q0AXQXC39nd7WJ&t=7035s
スキマスイッチ	すきますいっち	ゴールデンタイムラバー	https://www.youtube.com/live/DX8misWhJuA?si=x9BqkZPlvHen5SCl&t=241s
スキマスイッチ	すきますいっち	全力少年	https://www.youtube.com/live/DX8misWhJuA?si=x9BqkZPlvHen5SCl&t=614s
スキマスイッチ	すきますいっち	奏	https://www.youtube.com/live/DX8misWhJuA?si=x9BqkZPlvHen5SCl&t=915s
すこっぷ feat.初音ミク	すこっぷ feat.はつねみく	アイロニ	https://www.youtube.com/live/Z1v3sT_d6uU?si=epz4SGbUtnFLtw2-&t=775s
スズム feat.GUMI	すずむ feat.GUMI	世界寿命と最後の一日	https://www.youtube.com/live/bXG5ottJZas?si=VsjzjU8RreUrJGd3&t=4821s
ずっと真夜中でいいのに。	ずっとまよなかでいいのに。	Dear Mr 「F」	https://www.youtube.com/live/7l8RLTKBC8E?si=4WR3af3ZrVMWAe9X&t=2522s
ずっと真夜中でいいのに。	ずっとまよなかでいいのに。	Ham	https://www.youtube.com/live/ac4RYGdoGfw?si=XYuojmcqpJZOLb9x&t=1199s
ずっと真夜中でいいのに。	ずっとまよなかでいいのに。	MILABO	https://www.youtube.com/live/OEtLBen9pLM?si=M4WDMSGkkHfWLvDr&t=2519s
ずっと真夜中でいいのに。	ずっとまよなかでいいのに。	サターン	https://www.youtube.com/live/ac4RYGdoGfw?si=XYuojmcqpJZOLb9x&t=761s
ずっと真夜中でいいのに。	ずっとまよなかでいいのに。	ヒューマノイド	https://www.youtube.com/live/ac4RYGdoGfw?si=XYuojmcqpJZOLb9x&t=1612s
ずっと真夜中でいいのに。	ずっとまよなかでいいのに。	勘冴えて悔しいわ	https://www.youtube.com/live/E8l1nOoKLLI?si=9GMtlAOzsgHxbniX&t=2888s
ずっと真夜中でいいのに。	ずっとまよなかでいいのに。	正しくなれない	https://www.youtube.com/live/OEtLBen9pLM?si=M4WDMSGkkHfWLvDr&t=2976s
ずっと真夜中でいいのに。	ずっとまよなかでいいのに。	低血ボルト	https://www.youtube.com/live/OEtLBen9pLM?si=M4WDMSGkkHfWLvDr&t=3438s
ずっと真夜中でいいのに。	ずっとまよなかでいいのに。	脳裏上のクラッカー	https://www.youtube.com/live/E8l1nOoKLLI?si=9GMtlAOzsgHxbniX&t=2531s
ずっと真夜中でいいのに。	ずっとまよなかでいいのに。	秒針を噛む	https://www.youtube.com/live/ac4RYGdoGfw?si=XYuojmcqpJZOLb9x&t=374s
スピッツ	すぴっつ	チェリー	https://www.youtube.com/live/DX8misWhJuA?si=x9BqkZPlvHen5SCl&t=2745s
セブンスシスターズ	せぶんすしすたーず	SEVENTH HAVEN	https://www.youtube.com/live/GvGh24EJfGg?si=QLYBryRLPz4v_Qdl&t=8380s
チト(水瀬いのり)、ユーリ(久保ユリカ)	ちと(みなせいおり)、ゆーり(くぼゆりか)	動く、動く	https://www.youtube.com/live/wY3z5W9B8N0?si=FVqBjyoCdmcOKFxz&t=81540s
チャットモンチー	ちゃっともんちー	真夜中遊園地	https://www.youtube.com/live/qX9bxWpkH6E?si=OkODsP1XDKgR0qeY&t=4189s
チャットモンチー	ちゃっともんちー	染まるよ	https://www.youtube.com/live/N0Tp3auhZ54?si=TUAMJQ8TqFkAVZ1r&t=4605s
チャットモンチー(レキシ)	ちゃっともんちー(れきし)	SHIKIBU feat. 阿波の踊り子	https://www.youtube.com/live/rowkHJneOgY?si=dzvDO_qNHD4fLHMQ&t=2240s
ツミキ feat.可不	ツミキ feat.かふ	フォニイ	https://www.youtube.com/live/AHfCHGope8I?si=qrXuqYy-tTqldtt4&t=1759s
とあ feat.初音ミク	とあ feat.はつねみく	ミュージックミュージック	https://www.youtube.com/live/Cs48limSzrE?si=n8CFockH4OVXGSvE&t=3346s
トーマ feat.初音ミク	とーま feat.はつねみく	エンヴィーキャットウォーク	https://www.youtube.com/live/bXG5ottJZas?si=VsjzjU8RreUrJGd3&t=2878s
なきそ feat.歌愛ユキ	なきそ feat.かあいゆき	ド屑	https://www.youtube.com/live/OEtLBen9pLM?si=M4WDMSGkkHfWLvDr&t=4117s
ななしいんく	ななしいんく	瞬間イマジネーション	https://www.youtube.com/live/zHPmNlzplRQ?si=hKbKp_wLxXmd13Kq&t=4203s
ななしいんく	ななしいんく	星空のエチュード	https://www.youtube.com/live/zHPmNlzplRQ?si=hKbKp_wLxXmd13Kq&t=3641s
ナナヲアカリ feat.Sou	ななおあかり feat.Sou	チューリングラブ	https://www.youtube.com/live/NkjXzUMUZpw?si=EmGBj6Hh6tIlwjGQ&t=3711s
ナノウ(ほえほえP) feat. 初音ミク	なのう(ほえほえP) feat. はつねみく	ハロ/ハワユ	https://www.youtube.com/live/w3oM0fDmwz4?si=VVO-ga6uipBLMrpR&t=1624s
ナユタン星人	なゆたんせいじん	ロケットサイダー	https://www.youtube.com/live/E8l1nOoKLLI?si=9GMtlAOzsgHxbniX&t=6046s
ぬゆりfeat.GUMI	ぬゆりfeat.GUMI	フラジール	https://www.youtube.com/live/AHfCHGope8I?si=qrXuqYy-tTqldtt4&t=1046s
ネクライトーキー	ねくらいとーきー	オシャレ大作戦	https://www.youtube.com/live/rowkHJneOgY?si=dzvDO_qNHD4fLHMQ&t=1325s
ねごと	ねごと	カロン	https://www.youtube.com/live/N0Tp3auhZ54?si=TUAMJQ8TqFkAVZ1r&t=961s
ハチ(米津玄師) feat.GUMI	はち(よねづけんし) feat.GUMI	ドーナツホール	https://www.youtube.com/live/EIV2fME4Fec?si=lkzDtJEJ9agzd2Md&t=5103s
ハチ(米津玄師) feat.初音ミク&GUMI	はち(よねづけんし) feat.はつねみく&GUMI	マトリョシカ	https://www.youtube.com/live/bXG5ottJZas?si=VsjzjU8RreUrJGd3&t=2493s
ハムちゃんず	はむちゃんず	ハム太郎とっとこうた	https://www.youtube.com/live/JAK2m4FWxF0?si=Xy-B8lpcz7dX_b5n&t=7043s
バルーン feat.flower	ばるーん feat.flower	レディーレ	https://www.youtube.com/live/w3oM0fDmwz4?si=VVO-ga6uipBLMrpR&t=4675s
バルーン(須田景凪) feat.flowel	ばるーん(すだけいな) feat.flowel	シャルル	https://www.youtube.com/live/nyXzxG79mwQ?si=kGuFyOuc0o-yNPOU&t=12634s
バルーン(須田景凪) feat.flower	ばるーん(すだけいな) feat.flower	花瓶に触れた	https://www.youtube.com/live/w3oM0fDmwz4?si=VVO-ga6uipBLMrpR&t=4294s
バルーン(須田景凪)feat.flowel	ばるーん(すだけいな)feat.flowel	シャルル	https://www.youtube.com/live/lrLQ6akH23w?si=aC5HLJK6UZYwu-Yn&t=4010s
はるまきごはん feat.初音ミク	はるまきごはん feat.はつねみく	メルティランドナイトメア	https://www.youtube.com/live/OYaf_O-6WRs?si=20Zo4VVa8PxJbw_X&t=367s
ひかるい(飛良ひかり＆瀬島るい)	ひかるい(ひらひかり＆せじまるい)	シスターピース	https://www.youtube.com/live/zHPmNlzplRQ?si=hKbKp_wLxXmd13Kq&t=1949s
ピコン feat.初音ミク	ピコン feat.はつねみく	ガランド	https://www.youtube.com/live/AHfCHGope8I?si=qrXuqYy-tTqldtt4&t=2479s
フジファブリック	ふじふぁぶりっく	若者のすべて	https://www.youtube.com/live/rowkHJneOgY?si=dzvDO_qNHD4fLHMQ&t=2590s
フレデリック	ふれでりっく	オドループ	https://www.youtube.com/live/rowkHJneOgY?si=dzvDO_qNHD4fLHMQ&t=1931s
ポルカドットスティングレイ	ぽるかどっとすてぃんぐれい	ICHIDAIJI	https://www.youtube.com/live/rowkHJneOgY?si=dzvDO_qNHD4fLHMQ&t=609s
ポルカドットスティングレイ	ぽるかどっとすてぃんぐれい	テレキャスター・ストライプ	https://www.youtube.com/live/rowkHJneOgY?si=dzvDO_qNHD4fLHMQ&t=1015s
ポルカドットスティングレイ	ぽるかどっとすてぃんぐれい	トゲめくスピカ	https://www.youtube.com/live/BjWSIm9kSZs?si=1oMuQyZMLWArIABK&t=4110s
ポルノグラフィティ	ぽるのぐらふぃてぃ	サウダージ	https://www.youtube.com/live/DX8misWhJuA?si=x9BqkZPlvHen5SCl&t=6485s
マカロニえんぴつ	まかろにえんぴつ	ブルーベリー・ナイツ	https://www.youtube.com/live/BTi31luRntI?si=HKZA9dD6UF6pnPvq&t=7514s
みきとP feat.MAYU	みきとP feat.MAYU	夕立のりぼん	https://www.youtube.com/live/E8l1nOoKLLI?si=9GMtlAOzsgHxbniX&t=4721s
みきとP feat.鏡音リン	みきとP feat.かがみねりん	ロキ	https://www.youtube.com/live/NkjXzUMUZpw?si=EmGBj6Hh6tIlwjGQ&t=1415s
みきとP feat.初音ミク	みきとP feat.はつねみく	サリシノハラ	https://www.youtube.com/live/N0Tp3auhZ54?si=TUAMJQ8TqFkAVZ1r&t=1800s
みきとP feat.初音ミク	みきとP feat.はつねみく	夏の半券	https://www.youtube.com/live/Cs48limSzrE?si=n8CFockH4OVXGSvE&t=2810s
みきとP feat.初音ミク	みきとP feat.はつねみく	小夜子	https://www.youtube.com/live/N0Tp3auhZ54?si=TUAMJQ8TqFkAVZ1r&t=1347s
みきとP feat.初音ミク	みきとP feat.はつねみく	少女レイ	https://www.youtube.com/live/b0qPGU0sZn4?si=C5mabzVl6bhK7mp0&t=329s
メル feat.IA	める feat.IA	プラトニック・ラヴ	https://www.youtube.com/live/BjWSIm9kSZs?si=1oMuQyZMLWArIABK&t=5984s
メル feat.初音ミク	める feat.はつねみく	さようなら、花泥棒さん	https://www.youtube.com/live/UnI_NxQlyr8?si=2zvgEeRPzShWMpBP&t=1379s
メル feat.初音ミク	める feat.はつねみく	翡翠のまち	https://www.youtube.com/live/w3oM0fDmwz4?si=VVO-ga6uipBLMrpR&t=2536s
やなぎなぎ	やなぎなぎ	over and over	https://www.youtube.com/live/wY3z5W9B8N0?si=FVqBjyoCdmcOKFxz&t=53760s
やなぎなぎ	やなぎなぎ	トコハナ	https://www.youtube.com/live/wY3z5W9B8N0?si=FVqBjyoCdmcOKFxz&t=26760s
やなぎなぎ	やなぎなぎ	ユキトキ	https://www.youtube.com/live/0d6TiZm7xWc?si=rSfrknMqNQFcz5xw&t=1669s
やなぎなぎ	やなぎなぎ	春擬き	https://www.youtube.com/live/Yti72SsHzxs?si=qlI2gfa0I0wWYoH4&t=952s
やなぎなぎ& 麻枝准	やなぎなぎ& まえだじゅん	君という神話	https://www.youtube.com/live/gtzKshYmOXY?si=1Gz8lwbOe32zbbqo&t=4208s
やなせたかし(作曲者)	やなせたかし(さっきょくしゃ)	アンパンマンのマーチ	https://www.youtube.com/live/cHLqE4AOOjI?si=heDnYTUAoUpLyQ_J&t=1183s
ユーリ	ゆーり	隙	https://www.youtube.com/live/b0qPGU0sZn4?si=C5mabzVl6bhK7mp0&t=4283s
ゆず	ゆず	栄光の架け橋	https://www.youtube.com/live/DX8misWhJuA?si=x9BqkZPlvHen5SCl&t=4348s
ゆず	ゆず	夏色	https://www.youtube.com/live/DX8misWhJuA?si=x9BqkZPlvHen5SCl&t=2503s
ヨルシカ	よるしか	アポリア	https://www.youtube.com/live/OYaf_O-6WRs?si=20Zo4VVa8PxJbw_X&t=1117s
ヨルシカ	よるしか	アルジャーノン	https://www.youtube.com/live/Us_EP0LuOUI?si=QKfLbi9NsZLi9sIi&t=4945s
ヨルシカ	よるしか	だから僕は音楽を辞めた	https://www.youtube.com/live/yHiPuPE1ZpI?si=2EeKQkMqvxvThhyp&t=654s
ヨルシカ	よるしか	ただ君に晴れ	https://www.youtube.com/live/Dm-WC5w7K8Y?si=Pph-3uJ8wVrF5vc0&t=386s
ヨルシカ	よるしか	チノカテ	https://www.youtube.com/live/lQQh4G5up3Y?si=U2BJIBIs-2OZdL6R&t=1216s
ヨルシカ	よるしか	ノーチラス	https://www.youtube.com/live/r7Bwk1jHwnc?si=YSwS6uQI_0X3Y91g&t=298s
ヨルシカ	よるしか	ヒッチコック	https://www.youtube.com/live/OYaf_O-6WRs?si=20Zo4VVa8PxJbw_X&t=1479s
ヨルシカ	よるしか	雨とカプチーノ	https://www.youtube.com/live/yHiPuPE1ZpI?si=2EeKQkMqvxvThhyp&t=1995s
ヨルシカ	よるしか	火星人	https://www.youtube.com/live/b0qPGU0sZn4?si=C5mabzVl6bhK7mp0&t=791s
ヨルシカ	よるしか	花に亡霊	https://www.youtube.com/live/nyXzxG79mwQ?si=kGuFyOuc0o-yNPOU&t=1571s
ヨルシカ	よるしか	靴の花火	https://www.youtube.com/live/r7Bwk1jHwnc?si=YSwS6uQI_0X3Y91g&t=667s
ヨルシカ	よるしか	言って。	https://www.youtube.com/live/7l8RLTKBC8E?si=4WR3af3ZrVMWAe9X&t=2984s
ヨルシカ	よるしか	斜陽	https://www.youtube.com/live/Z1v3sT_d6uU?si=epz4SGbUtnFLtw2-&t=3480s
ヨルシカ	よるしか	春泥棒	https://www.youtube.com/live/nyXzxG79mwQ?si=kGuFyOuc0o-yNPOU&t=9975s
ヨルシカ	よるしか	心に穴が空いた	https://www.youtube.com/live/yHiPuPE1ZpI?si=2EeKQkMqvxvThhyp&t=174s
ヨルシカ	よるしか	晴る	https://www.youtube.com/live/nyXzxG79mwQ?si=kGuFyOuc0o-yNPOU&t=4707s
ヨルシカ	よるしか	又三郎	https://www.youtube.com/live/Dm-WC5w7K8Y?si=Pph-3uJ8wVrF5vc0&t=828s
ヨルシカ	よるしか	藍二乗	https://www.youtube.com/live/yHiPuPE1ZpI?si=2EeKQkMqvxvThhyp&t=1548s
ランカー・リー(CV.中島愛)	らんか・りー(CV.なかじまめぐみ)	星間飛行	https://www.youtube.com/live/nyXzxG79mwQ?si=kGuFyOuc0o-yNPOU&t=1320s
レミオロメン	れみおろめん	粉雪	https://www.youtube.com/live/Yti72SsHzxs?si=qlI2gfa0I0wWYoH4&t=2962s
れるりり feat.GUMI	れるりり feat.GUMI	ヤミタイガール	https://www.youtube.com/live/Yti72SsHzxs?si=qlI2gfa0I0wWYoH4&t=9481s
れるりり(当社比P) feat.初音ミク	れるりり(とうしゃひP) feat.はつねみく	脳漿炸裂ガール	https://www.youtube.com/live/EIV2fME4Fec?si=lkzDtJEJ9agzd2Md&t=1690s
れをる&ぎがP feat.鏡音リン&巡音ルカ	れをる&ぎがP feat.かがみねりん&めぐりねるか	Drop pop candy	https://www.youtube.com/live/lrLQ6akH23w?si=aC5HLJK6UZYwu-Yn&t=4408s
ロクデナシ	ろくでなし	リインカーネーション	https://www.youtube.com/live/ac4RYGdoGfw?si=XYuojmcqpJZOLb9x&t=2920s
阿部真央	あべまお	ストーカーの唄～3丁目、貴方の家～	https://www.youtube.com/live/OEtLBen9pLM?si=M4WDMSGkkHfWLvDr&t=4610s
阿部真央	あべまお	ロンリー	https://www.youtube.com/live/OEtLBen9pLM?si=M4WDMSGkkHfWLvDr&t=5351s
阿部真央	あべまお	側にいて	https://www.youtube.com/live/6wh0qjbo6K4?si=vntI9mYE52ZplV6U&t=2111s
絢香	あやか	はじまりのとき	https://www.youtube.com/live/Yti72SsHzxs?si=qlI2gfa0I0wWYoH4&t=6670s
絢香	あやか	三日月	https://www.youtube.com/live/Yti72SsHzxs?si=qlI2gfa0I0wWYoH4&t=6324s
一青窈	ひととよう	ハナミズキ	https://www.youtube.com/live/DX8misWhJuA?si=x9BqkZPlvHen5SCl&t=3089s
羽生まゐご feat.flower	はにゅうまいご feat.flower	阿吽のビーツ	https://www.youtube.com/live/Dm-WC5w7K8Y?si=Pph-3uJ8wVrF5vc0&t=2437s
奥華子	おくはなこ	変わらないもの	https://www.youtube.com/live/OYaf_O-6WRs?si=20Zo4VVa8PxJbw_X&t=2902s
家入レオ	いえいりれお	サブリナ	https://www.youtube.com/live/BTi31luRntI?si=HKZA9dD6UF6pnPvq&t=8052s
角田信朗＆いはたじゅり	かくだのぶあき＆いはたじゅり	ケロッ!とマーチ	https://www.youtube.com/live/wY3z5W9B8N0?si=FVqBjyoCdmcOKFxz&t=5226s
茅原実里	ちはらみのり	境界の彼方	https://www.youtube.com/live/wEZHgaS4eCg?si=_Rpt2MlexrsFC7dZ&t=3276s
結束バンド	けっそくばんど	ギターと孤独と蒼い惑星	https://www.youtube.com/live/BTi31luRntI?si=HKZA9dD6UF6pnPvq&t=5522s
結束バンド	けっそくばんど	フラッシュバッカー	https://www.youtube.com/live/Z1v3sT_d6uU?si=epz4SGbUtnFLtw2-&t=5887s
結束バンド	けっそくばんど	星座になれたら	https://www.youtube.com/live/nyXzxG79mwQ?si=kGuFyOuc0o-yNPOU&t=1027s
結束バンド	けっそくばんど	青春コンプレックス	https://www.youtube.com/live/nyXzxG79mwQ?si=kGuFyOuc0o-yNPOU&t=565s
結束バンド	けっそくばんど	忘れてやらない	https://www.youtube.com/live/BTi31luRntI?si=HKZA9dD6UF6pnPvq&t=4740s
荒井由実(松任谷由実)	あらいゆみ(まつとうやゆみ)	ルージュの伝言	https://www.youtube.com/live/Us_EP0LuOUI?si=QKfLbi9NsZLi9sIi&t=3456s
高橋洋子	たかはしようこ	残酷な天使のテーゼ	https://www.youtube.com/live/wEZHgaS4eCg?si=_Rpt2MlexrsFC7dZ&t=5405s
黒うさ feat.初音ミク	くろうさ feat.はつねみく	千本桜	https://www.youtube.com/live/nyXzxG79mwQ?si=kGuFyOuc0o-yNPOU&t=13491s
三月のパンタシア	さんがつのぱんたしあ	ピンクレモネード	https://www.youtube.com/live/w3oM0fDmwz4?si=VVO-ga6uipBLMrpR&t=5970s
獅子志司 feat.初音ミク	しししし feat.はつねみく	絶え間なく藍色	https://www.youtube.com/live/w3oM0fDmwz4?si=VVO-ga6uipBLMrpR&t=5543s
紫水キキ	しすいきき	パペットパーティ	https://www.youtube.com/live/zHPmNlzplRQ?si=hKbKp_wLxXmd13Kq&t=2589s
煮ル果実 feat.可不	にるかじつ feat.かふ	ナイトルール	https://www.youtube.com/live/b0qPGU0sZn4?si=C5mabzVl6bhK7mp0&t=5233s
手嶌葵	てしまあおい	テルーの唄	https://www.youtube.com/live/OYaf_O-6WRs?si=20Zo4VVa8PxJbw_X&t=4140s
宗谷いちか	そうやいちか	君と未来	https://www.youtube.com/live/zHPmNlzplRQ?si=hKbKp_wLxXmd13Kq&t=3138s
松田聖子	まつだせいこ	赤いスイートピー	https://www.youtube.com/live/DX8misWhJuA?si=x9BqkZPlvHen5SCl&t=3556s
松本梨香	まつもとりか	めざせポケモンマスター	https://www.youtube.com/live/nyXzxG79mwQ?si=kGuFyOuc0o-yNPOU&t=9000s
神田沙也加&松たか子	かんださやか&まつたかこ	生まれてはじめて	https://www.youtube.com/live/nyXzxG79mwQ?si=kGuFyOuc0o-yNPOU&t=14425s
星街すいせい	ほしまちすいせい	ビビデバ	https://www.youtube.com/live/lrLQ6akH23w?si=aC5HLJK6UZYwu-Yn&t=1912s
西野カナ	にしのかな	会いたくて会いたくて(1chorus)	https://www.youtube.com/live/DX8misWhJuA?si=x9BqkZPlvHen5SCl&t=2259s
赤い公園	あかいこうえん	サイダー	https://www.youtube.com/live/b0qPGU0sZn4?si=C5mabzVl6bhK7mp0&t=4870s
大塚愛	おおつかあい	プラネタリウム	https://www.youtube.com/live/6wh0qjbo6K4?si=vntI9mYE52ZplV6U&t=455s
中川翔子	なかがわしょうこ	空色デイズ	https://www.youtube.com/live/JAK2m4FWxF0?si=Xy-B8lpcz7dX_b5n&t=3153s
蝶々P feat.GUMI	ちょうちょうP feat.GUMI	心做し	https://www.youtube.com/live/Cs48limSzrE?si=n8CFockH4OVXGSvE&t=2266s
蝶々P feat.初音ミク	ちょうちょうP feat.はつねみく	え？あぁ、そう。	https://www.youtube.com/live/Yti72SsHzxs?si=qlI2gfa0I0wWYoH4&t=10011s
椎名もた feat.初音ミク	しいなもた feat.はつねみく	少女A	https://www.youtube.com/live/OYaf_O-6WRs?si=20Zo4VVa8PxJbw_X&t=787s
椎名林檎	しいなりんご	丸の内サディスティック	https://www.youtube.com/live/nyXzxG79mwQ?si=kGuFyOuc0o-yNPOU&t=14800s
電ポルP feat.初音ミク	でんぽるP feat.はつねみく	サイノウサンプラー	https://www.youtube.com/live/ac4RYGdoGfw?si=XYuojmcqpJZOLb9x&t=2057s
梅とら feat. 巡音ルカ&初音ミク&GUMI&IA&鏡音リン	うめとら feat. めぐりねるか&はつねみく&GUMI&IA&かがみねりん	威風堂々	https://www.youtube.com/live/Yti72SsHzxs?si=qlI2gfa0I0wWYoH4&t=9000s
梅とら feat. 巡音ルカ&初音ミク&GUMI&IA&鏡音リン	うめとら feat. めぐりねるか&はつねみく&GUMI&IA&かがみねりん	疑心暗鬼	https://www.youtube.com/live/Us_EP0LuOUI?si=QKfLbi9NsZLi9sIi&t=4517s
梅とら feat. 巡音ルカ&初音ミク&GUMI&IA&鏡音リン	うめとら feat. めぐりねるか&はつねみく&GUMI&IA&かがみねりん	虎視眈々	https://www.youtube.com/live/Yti72SsHzxs?si=qlI2gfa0I0wWYoH4&t=8664s
美波	みなみ	カワキヲアメク	https://www.youtube.com/live/BTi31luRntI?si=HKZA9dD6UF6pnPvq&t=3905s
美波	みなみ	ライラック	https://www.youtube.com/live/OYaf_O-6WRs?si=20Zo4VVa8PxJbw_X&t=3347s
柊マグネタイト feat.可不	ひいらぎまぐねたいと feat.かふ	マーシャルマキシマイザ	https://www.youtube.com/live/AHfCHGope8I?si=qrXuqYy-tTqldtt4&t=1419s
平井堅	ひらいけん	POP STAR	https://www.youtube.com/live/Yti72SsHzxs?si=qlI2gfa0I0wWYoH4&t=8223s
米津玄師	よねづけんし	Lemon	https://www.youtube.com/live/bXG5ottJZas?si=VsjzjU8RreUrJGd3&t=2155s
米津玄師	よねづけんし	アイネクライネ	https://www.youtube.com/live/OYaf_O-6WRs?si=20Zo4VVa8PxJbw_X&t=4922s
未来古代楽団 feat. 安次嶺希和子	みらいこだいがくだん feat. あしみねきわこ	忘れじの言の葉	https://www.youtube.com/live/BjWSIm9kSZs?si=1oMuQyZMLWArIABK&t=6974s
未来古代楽団 feat. 安次嶺希和子	みらいこだいがくだん feat. あしみねきわこ	忘れじの言の葉 (short ver)	https://www.youtube.com/live/6wh0qjbo6K4?si=vntI9mYE52ZplV6U&t=5980s
木村弓	きむらゆみ	いつも何度でも	https://www.youtube.com/live/qX9bxWpkH6E?si=OkODsP1XDKgR0qeY&t=5751s
木村弓	きむらゆみ	いのちの名前	https://www.youtube.com/live/N0Tp3auhZ54?si=TUAMJQ8TqFkAVZ1r&t=6096s
優里	ゆうり	ドライフラワー	https://www.youtube.com/live/BjWSIm9kSZs?si=1oMuQyZMLWArIABK&t=355s
優里	ゆうり	ベテルギウス	https://www.youtube.com/live/nyXzxG79mwQ?si=kGuFyOuc0o-yNPOU&t=7183s
幽音しの	かすかねしの	From now on	https://www.youtube.com/live/nyXzxG79mwQ?si=kGuFyOuc0o-yNPOU&t=17322s
幽音しの	かすかねしの	かすかなおと	https://www.youtube.com/live/zHPmNlzplRQ?si=hKbKp_wLxXmd13Kq&t=609s
幽音しの(即興)	かすかねしの(そっきょう)	エモさはいつもしののそばに	https://www.youtube.com/live/Z1v3sT_d6uU?si=epz4SGbUtnFLtw2-&t=3130s
幽音しの(即興)	かすかねしの(そっきょう)	カウントダウン前にバースデーソング作る	https://www.youtube.com/live/qTRoniWqYUs?si=tZabM9W3dUpT3w7w&t=4383s
幽音しの(即興)	かすかねしの(そっきょう)	キャベツとレタスのうた	https://www.youtube.com/live/JdIhEjDJiNU?si=deUnozJNoBNUwf--&t=1191s
幽音しの(即興)	かすかねしの(そっきょう)	これからもよろしくソング	https://www.youtube.com/live/9eMVaPOXvzM?si=jhgkuY6UKcne9MmF&t=2955s
幽音しの(即興)	かすかねしの(そっきょう)	しのが寝る6時	https://www.youtube.com/live/rjOy6A4c68o?si=Q07K-470tlYbzNHk&t=3450s
幽音しの(即興)	かすかねしの(そっきょう)	しのぴ即興ソング	https://www.youtube.com/live/N0Tp3auhZ54?si=TUAMJQ8TqFkAVZ1r&t=6749s
幽音しの(即興)	かすかねしの(そっきょう)	ちょっと待ってねの歌	https://www.youtube.com/live/7l8RLTKBC8E?si=4WR3af3ZrVMWAe9X&t=4419s
幽音しの(即興)	かすかねしの(そっきょう)	チルになりたい	https://www.youtube.com/live/Us_EP0LuOUI?si=QKfLbi9NsZLi9sIi&t=5930s
幽音しの(即興)	かすかねしの(そっきょう)	ねむねむの歌	https://www.youtube.com/live/7l8RLTKBC8E?si=4WR3af3ZrVMWAe9X&t=4208s
幽音しの(即興)	かすかねしの(そっきょう)	やめるやめる詐欺	https://www.youtube.com/live/BIOCmyo4mQU?si=mUE7u0kM5d94T-4A&t=3663s
幽音しの(即興)	かすかねしの(そっきょう)	ワロタ＆明日の宣伝の歌	https://www.youtube.com/live/Us_EP0LuOUI?si=QKfLbi9NsZLi9sIi&t=6908s
幽音しの(即興)	かすかねしの(そっきょう)	鼓膜の歌	https://www.youtube.com/live/qX9bxWpkH6E?si=OkODsP1XDKgR0qeY&t=2903s
幽音しの(即興)	かすかねしの(そっきょう)	今食べたいもの	https://www.youtube.com/live/T2z_BAhLZz0?si=FZhoxASjxucX4Rxr&t=4621s
幽音しの(即興)	かすかねしの(そっきょう)	初配信兼入浴の歌	https://www.youtube.com/live/rPoEadXC5ck?si=PyjsfpuwHgwH2fjV&t=1605s
幽音しの(即興)	かすかねしの(そっきょう)	即興ソング	https://www.youtube.com/live/gPoOwdHJsS0?si=m0w1THhhEjbjOfbt&t=9708s
幽音しの(即興)	かすかねしの(そっきょう)	多分チル2の歌	https://www.youtube.com/live/wEZHgaS4eCg?si=_Rpt2MlexrsFC7dZ&t=5795s
幽音しの(即興)	かすかねしの(そっきょう)	忘れろの歌	https://www.youtube.com/live/lrLQ6akH23w?si=aC5HLJK6UZYwu-Yn&t=6040s
有機酸(神山羊) feat.初音ミク	ゆうきさん(かみやまよう) feat.はつねみく	カトラリー	https://www.youtube.com/live/i7euCqiwzl4?si=Gvd-dBAI4nZ9HDpv&t=3068s
羊文学	ひつじぶんがく	1999	https://www.youtube.com/live/rowkHJneOgY?si=dzvDO_qNHD4fLHMQ&t=4791s
羊文学	ひつじぶんがく	Feel	https://www.youtube.com/live/b0qPGU0sZn4?si=C5mabzVl6bhK7mp0&t=1911s
羊文学	ひつじぶんがく	Feel(1chorus)	https://www.youtube.com/live/Dm-WC5w7K8Y?si=Pph-3uJ8wVrF5vc0&t=4956s
羊文学	ひつじぶんがく	more than words	https://www.youtube.com/live/b0qPGU0sZn4?si=C5mabzVl6bhK7mp0&t=2945s
羊文学	ひつじぶんがく	あいまいでいいよ	https://www.youtube.com/live/Et9I5uqKaRQ?si=4uq-2UkGh47LMNTa&t=2951s
羊文学	ひつじぶんがく	永遠のブルー	https://www.youtube.com/live/b0qPGU0sZn4?si=C5mabzVl6bhK7mp0&t=2634s
羊文学	ひつじぶんがく	光るとき	https://www.youtube.com/live/Et9I5uqKaRQ?si=4uq-2UkGh47LMNTa&t=3930s
羊文学	ひつじぶんがく	恋なんて	https://www.youtube.com/live/b0qPGU0sZn4?si=C5mabzVl6bhK7mp0&t=2262s
嵐	あらし	Love so sweet	https://www.youtube.com/live/Yti72SsHzxs?si=qlI2gfa0I0wWYoH4&t=4966s
嵐	あらし	Monster	https://www.youtube.com/live/Yti72SsHzxs?si=qlI2gfa0I0wWYoH4&t=3995s
嵐	あらし	truth	https://www.youtube.com/live/Yti72SsHzxs?si=qlI2gfa0I0wWYoH4&t=4366s
嵐	あらし	サクラ咲ケ	https://www.youtube.com/live/Yti72SsHzxs?si=qlI2gfa0I0wWYoH4&t=3686s
藍井エイル	あおいえいる	ラピスラズリ	https://www.youtube.com/live/JAK2m4FWxF0?si=Xy-B8lpcz7dX_b5n&t=6546s
梨本P feat.初音ミク	なしもとP feat.はつねみく	ペテン師が笑う頃に	https://www.youtube.com/live/bXG5ottJZas?si=VsjzjU8RreUrJGd3&t=5190s
涼海ネモ	すずみねも	心の話	https://www.youtube.com/live/zHPmNlzplRQ?si=hKbKp_wLxXmd13Kq&t=1277s
涼宮ハルヒ(CV.平野綾)	すずみやはるひ(CV.ひらのあや)	God knows…	https://www.youtube.com/live/nyXzxG79mwQ?si=kGuFyOuc0o-yNPOU&t=9418s
涼宮ハルヒ(CV.平野綾)&長門有希(CV.茅原実里)&朝比奈みくる(CV.後藤邑子)	すずみやはるひ(CV.ひらのあや)&ながとゆき(CV.ちはらみのり)&あさひなみくる(CV.ごとうゆうこ)	ハレ晴レユカイ(1phrase)	https://www.youtube.com/live/8yfLYQayxQg?si=O0Q0AXQXC39nd7WJ&t=8467s
緑黄色社会	りょくおうしょくしゃかい	Mela!	https://www.youtube.com/live/bXG5ottJZas?si=VsjzjU8RreUrJGd3&t=1275s
緑黄色社会	りょくおうしょくしゃかい	sabotage	https://www.youtube.com/live/0d6TiZm7xWc?si=rSfrknMqNQFcz5xw&t=2532s
鈴木このみ	すずきこのみ	This game	https://www.youtube.com/live/wY3z5W9B8N0?si=FVqBjyoCdmcOKFxz&t=3830s
和田光司	わだこうじ	Butter-Fly	https://www.youtube.com/live/Yti72SsHzxs?si=qlI2gfa0I0wWYoH4&t=3347s
和田光司	わだこうじ	Butter-Fly(1phrase)	https://www.youtube.com/live/8yfLYQayxQg?si=O0Q0AXQXC39nd7WJ&t=7822s
TRUE	TRUE	Sincerely	https://www.youtube.com/live/r7Bwk1jHwnc?si=YSwS6uQI_0X3Y91g&t=5425s
